item,itemLabel,startDate,endDate,sourceDate,psid
Q1951178,Hans Kolfschoten,1957-02-10,1968-10-16,2022-04-27,Q1951178-5064BA60-3AAD-4F82-8C47-D99401896685
Q719701,Victor Marijnen,1968-10-16,1975-04-05,2022-04-27,Q719701-1E08FE58-0F08-442E-9BAD-B261A554E293
Q2952431,Gerard Wallis  de Vries,1975-04-05,1975-10-14,2022-04-27,Q2952431-9C666CE1-0939-48BD-B493-BC9DA5E4127C
Q2485663,Ad Havermans,1985,1996,,Q2485663-9E18B9DD-3A2F-47FC-B787-1CD9D0B324BF
Q356102,Wim Deetman,1996-12-01,2008-01-01,,Q356102-8F8666A1-EC2E-4805-8593-6BCA25B5BD4C
Q2608700,Jetta Klijnsma,2008-01-01,2008-03-26,,Q2608700-8F229A4B-6E2F-40B1-BA49-0613CD88CAC1
Q1366279,Jozias van Aartsen,2008-03-27,2017-03-01,,Q1366279-A6BF36D2-3465-4C47-B521-817C29D3CC58
Q27863937,Tom de Bruijn,2017-03-01,2017-03-17,,Q27863937-4e4db302-40b7-bb4f-052c-f411ba9636ed
Q3259044,Pauline Krikke,2017-03-17,2019-10-07,,Q3259044-c82e7770-49e1-2258-f76a-db1ba55f5002
Q47208581,Boudewijn Revis,2019-10-06,2019-10-12,2022-04-27,Q47208581-2A683660-CBDB-4F78-B4FB-BEDFE10A209F
Q465538,Johan Remkes,2019-10-11,2020-07-01,,Q465538-e00708f9-43ea-bf66-55dd-4a14f59c033f
Q2216667,Jan van Zanen,2020-07-01,,,Q2216667-5c825909-4dbf-0d53-d49e-c979e96c4dd2
